{"cameraMode":{"drawMode":0,"name":"Shaded","section":"Shading Mode"},"sceneLighting":false,"audioPlay":false,"sceneViewState":{"showFog":true,"showMaterialUpdate":false,"showSkybox":false,"showFlares":true,"showImageEffects":true,"showParticleSystems":true},"in2DMode":false,"pivot":{"x":-6.0776753425598148,"y":0.10764110088348389,"z":-0.0007337331771850586},"rotation":{"x":0.20295457541942597,"y":-0.5892407894134522,"z":0.15605570375919343,"w":0.7663232088088989},"size":7.514555931091309,"orthographic":false}