{"cameraMode":{"drawMode":0,"name":"Shaded","section":"Shading Mode"},"sceneLighting":false,"audioPlay":false,"sceneViewState":{"showFog":true,"showMaterialUpdate":false,"showSkybox":false,"showFlares":true,"showImageEffects":true,"showParticleSystems":true},"in2DMode":false,"pivot":{"x":-2.680000066757202,"y":0.034639716148376468,"z":-0.09445297718048096},"rotation":{"x":0.12264975905418396,"y":-0.6741001605987549,"z":0.11494939774274826,"w":0.7192584872245789},"size":6.352934837341309,"orthographic":false}