{"cameraMode":{"drawMode":0,"name":"Shaded","section":"Shading Mode"},"sceneLighting":false,"audioPlay":false,"sceneViewState":{"showFog":true,"showMaterialUpdate":false,"showSkybox":false,"showFlares":true,"showImageEffects":true,"showParticleSystems":true},"in2DMode":false,"pivot":{"x":0.0026973485946655275,"y":0.012472152709960938,"z":0.02533555030822754},"rotation":{"x":0.16096040606498719,"y":-0.6312354803085327,"z":0.13612648844718934,"w":0.7463945746421814},"size":6.3839497566223148,"orthographic":false}