{"cameraMode":{"drawMode":0,"name":"Shaded","section":"Shading Mode"},"sceneLighting":true,"audioPlay":false,"sceneViewState":{"showFog":true,"showMaterialUpdate":false,"showSkybox":true,"showFlares":true,"showImageEffects":true,"showParticleSystems":true},"in2DMode":false,"pivot":{"x":-16.11695098876953,"y":9.554168701171875,"z":-28.214500427246095},"rotation":{"x":0.18944162130355836,"y":0.6721178889274597,"z":-0.18407587707042695,"w":0.6917620897293091},"size":234.2318572998047,"orthographic":false}